Domain,DA,PA
doustourna.org,28,28
elladatora.org,25,35
fvpoker.com,24,27
marthambooks.com,22,21
audreygraceshop.com,22,23
renaimanyuaru.com,22,20
popodysseyradio.com,22,25
behaviorchange.net,22,23
rubyleighyoung.com,22,22
cruzdiablo.net,21,17
usafapcnca.org,21,21
togelbanjie.com,20,27
mcdonaldsmom.com,20,17
aryannations.org,20,21
freeyourbrain.org,20,14
smyla.org,20,49
icndindy.org,20,19
farlight.org,20,20
alwaldin.org,20,30
vidalowcost.com,19,21
listasuperman.com,19,28
lejonklippans.com,19,17
occasiondance.com,19,19
huttdentistry.com,19,38
portugalook.com,19,20
webska.org,19,15
pointofpassion.com,19,18
tentpictures.com,19,20
parityinc.net,19,23
mfcmexico.org,18,21
tecnogarage.com,18,14
luminocolor.org,18,20
tamsinhowse.com,18,26
astrocoolpix.net,18,19
edivvyup.com,18,20
madsencircuits.com,18,18
southkazakhstan.com,18,19
thescrappykat.com,18,31
alexlab.net,18,30
saabc.net,17,25
awcphilippines.org,17,17
eurochurch.net,17,21
thaimeal.net,17,17
lancpump.com,17,25
erocomix.net,17,21
protivir.com,17,25
ultimatekc.com,17,24
formandcolours.com,17,20
jakilevy.com,17,19
tanketom.net,17,31
foundd.net,17,23
androidtab.info,17,39
tempatplakat.com,16,14
iklanpontianak.com,16,24
forexvpshosting.net,16,20
imuzique.com,16,18
vivalille.com,16,17
lifesemicrunchy.com,16,24
chinamantaggin.org,16,24
trophyplakat.com,16,17
higurashirin.com,16,22
dataselebrity.com,16,24
racexhibition.com,16,14
plakatgrafir.com,16,17
namutaku.net,16,21
shirvansugar.com,16,29
paraarchives.com,16,15
thinkrealty.net,16,15
fanscanonline.com,15,15
siouxlandtrails.org,15,15
arfejoyeros.com,15,29
stripcheez.com,15,17
tweakipedia.com,15,19
runbakerace.com,15,23
portailpierre.org,15,12
alltheinsurers.net,15,19
phoneblank.com,15,25
bookmarkvoice.info,15,28
internetmisr.com,15,13
attwayan.com,15,15
alhproducts.com,15,22
chupanhkyyeudep.net,15,28
josoff.com,14,18
datingpro.net,14,14
jbkcinequipt.com,14,20
ravenslaughter.com,14,14
pewnyzakup.com,14,31
crfpa.net,14,21
punktshirtsrock.com,14,21
ugandasurgeons.org,14,27
edteaminc.com,14,17
ivancie.com,14,24
miamicelular.com,14,31
diegorincon.com,14,18
thietkekholanh.org,14,27
rgoi.org,14,23
thepfotoshop.com,14,16
catchlightsnw.com,14,21
fivestarreview.net,14,30
globobus.com,13,24
koinonianet.net,13,21
togelbanjie.net,13,24
djsergiolopez.com,13,18
newbookmarklist.info,13,28
timmernabben.org,13,15
gestecole.net,13,14
gilimenomojo.com,13,21
ainomemory.com,13,16
vinidolomitici.info,13,17
respectyourvj.net,13,18
lagelanden.net,13,15
newpajeroclub.com,13,13
digitalwebads.com,13,18
ifeelborn.com,13,12
freshjen.com,13,24
espacovaidade.com,13,33
gpprojekt.net,13,19
viktoriasstyle.com,13,18
naranjassamel.net,13,18
bongdensang.info,13,36
tecnodir.com,13,16
hexacord.com,13,12
innef.org,12,8
thedamesound.com,12,25
lgsculpture.com,12,13
monicapanzarino.com,12,13
timyap.net,12,16
starfishpoetry.net,12,18
loanshighrisk.org,12,13
pminow.com,12,20
mulliculli.com,12,16
pelininstyle.com,12,19
rebeccabotin.com,12,14
institutoglobal.net,12,19
ultrarock.net,12,11
kelcours.com,12,19
unevieenmusique.com,12,18
blogamorarosa.com,12,17
pillowboot.com,12,17
istavka.com,12,23
beloning.net,12,24
poppymetals.com,12,19
tzshenwei.com,12,15
nrdleague.net,12,17
kreationkrate.com,12,17
nolivefeel.com,12,19
fitadvices.com,12,27
bookmybabes.biz,12,21
inforemaja.com,11,29
seizeart.net,11,13
okglassestop.com,11,32
greatkurnool.com,11,19
intweb.org,11,13
aqareg.com,11,21
timeoutpk.net,11,20
vizyonvan.com,11,28
thainotepc.com,11,12
sailorjanes.com,11,20
diannedequina.com,11,26
mapseo.net,11,16
makanenak.net,11,20
vikingtrackclub.com,11,8
glennbech.com,11,23
rbtpro.com,11,22
rabattcodes.info,10,23
theleakerz.com,10,17
carnegieww.com,10,28
reffral.biz,10,16
cukrarna.net,10,13
bekkyblog.com,10,30
jcpsc.org,10,20
jayxhane.com,10,28
passigloo.com,10,15
bransonmerrill.com,10,29
iranianbeauty.net,10,26
hairbyandeen.com,10,20
wangzhuanwang.net,10,32
bahioc.net,10,17
livegrouplink.org,10,23
naatsharif.net,10,16
grgrealtors.com,9,17
theunderdome.net,9,29
wapakweather.com,9,11
tthairsolutions.com,9,22
tvonlinegratis.org,9,28
szarkaduo.com,9,16
askklix.com,9,25
margas.org,9,20
nogoodgoods.com,9,28
exposureforums.org,9,22
dhforum.net,9,29
gurtekskariyer.com,9,11
ghahvekhone.com,9,30
ejobopenings.com,9,25
myvideorate.com,9,23
merolog.com,8,23
davidinfrance.com,8,33
peacetasmania.org,8,17
teachtorun.com,8,27
juicercity.com,8,15
pixmacam.com,8,25
lloydsappliance.com,8,18
dnaserumreview.com,8,29
wakuwakushop.net,8,16
spacemgt.com,8,16
mskijacket.com,8,17
plane.mx,8,10
farslearn.com,7,25
dealbajar.com,7,25
moorchekhanoom.com,7,26
benjijalgeil.com,7,9
currenttempo.com,7,15
provitat.net,7,14
horvatorszag.org,7,14
netzonehost.com,7,14
collegecfnm.net,7,29
pspgamestation.net,7,23
therankit.com,7,21
lawschoolgirl.com,7,22
bharatconnect.net,7,30
fauxbar.org,7,18
emedicalnews.net,7,16
algorer.com,7,26
designmd.net,6,27
povertymotors.com,6,12
topfindit.com,6,26
asaelv.com,6,13
dreamlink.info,6,15
aomhaqw.org,6,17
zaapps.net,5,30
howiecrosby.com,5,18
digishare.org,5,28
lwbckpinhrn.com,5,26
cparoadmap.com,5,15
camilaguimaraes.com,5,23
dmsimage.net,5,17
thosethreads.com,4,25
ucretsizreklam.com,4,16
allaboutalcohol.info,4,14
closed.mx,4,3
cashredders.com,3,15
jinwencaijing.com,3,12
tretemplyng.com,3,26
orignalufan.com,3,27
oflusa.com,3,14
chqianfan.com,3,17
meek.mx,3,7
strong.mx,3,8
expensive.mx,3,4
steponbox.com,2,18
beijingdaiyun.org,2,31
hospitable.mx,1,5
annoy.mx,1,5
protest.mx,1,8
comb.mx,1,1
obey.mx,1,5
hkciac.org,1,19
glossy.mx,1,5
near.mx,1,1
short.mx,1,7
superstarspot.com,1,28
early.mx,1,5
uneasywithoutyou.com,1,3
stir.mx,1,1
tart.mx,1,8
letters.mx,1,3
curly.mx,1,6
interfere.mx,1,6
biopolymath.net,1,31
rdjent.com,1,19
hearthenose.com,0,1
toweringheight.com,0,1
senilepeople.com,0,1
friedimpromptu.com,0,1
soak.mx,0,1
satisfyingservice.com,0,1
wanttobefat.com,0,1
theroleofahelper.com,0,1
boot.mx,0,1
devilnoodles.com,0,1
economic.mx,0,1
obtain.mx,0,1
toad.mx,0,1
reflect.mx,0,1
daughter.mx,0,1
